{
    "2": {
        "precision": 0.9674935842600513,
        "recall": 0.9775280898876404,
        "f1-score": 0.9724849527085124,
        "support": 1157.0
    },
    "3": {
        "precision": 0.7567567567567568,
        "recall": 0.7777777777777778,
        "f1-score": 0.7671232876712328,
        "support": 36.0
    },
    "4": {
        "precision": 0.9439421338155516,
        "recall": 0.9613259668508287,
        "f1-score": 0.9525547445255474,
        "support": 543.0
    },
    "6": {
        "precision": 0.9318181818181818,
        "recall": 0.8541666666666666,
        "f1-score": 0.8913043478260869,
        "support": 48.0
    },
    "7": {
        "precision": 1.0,
        "recall": 0.8333333333333334,
        "f1-score": 0.9090909090909091,
        "support": 30.0
    },
    "9": {
        "precision": 0.9647630619684082,
        "recall": 0.9671132764920828,
        "f1-score": 0.9659367396593674,
        "support": 821.0
    },
    "11": {
        "precision": 0.9299065420560748,
        "recall": 0.8728070175438597,
        "f1-score": 0.9004524886877828,
        "support": 228.0
    },
    "13": {
        "precision": 0.9621535181236673,
        "recall": 0.9636946075814202,
        "f1-score": 0.962923446252334,
        "support": 1873.0
    },
    "14": {
        "precision": 0.9441687344913151,
        "recall": 0.9314565483476133,
        "f1-score": 0.937769562538509,
        "support": 817.0
    },
    "16": {
        "precision": 0.8333333333333334,
        "recall": 0.5,
        "f1-score": 0.625,
        "support": 10.0
    },
    "17": {
        "precision": 0.9636363636363636,
        "recall": 0.803030303030303,
        "f1-score": 0.8760330578512396,
        "support": 66.0
    },
    "99": {
        "precision": 0.89,
        "recall": 0.9139922978177151,
        "f1-score": 0.9018366054464851,
        "support": 779.0
    },
    "accuracy": 0.9481897627965044,
    "macro avg": {
        "precision": 0.9239976841883087,
        "recall": 0.8630188237774368,
        "f1-score": 0.8885425118548339,
        "support": 6408.0
    },
    "weighted avg": {
        "precision": 0.9483072824507577,
        "recall": 0.9481897627965044,
        "f1-score": 0.9479905690468783,
        "support": 6408.0
    }
}