{
    "2": {
        "precision": 0.9426229508196722,
        "recall": 0.9913793103448276,
        "f1-score": 0.9663865546218487,
        "support": 116.0
    },
    "3": {
        "precision": 0.8,
        "recall": 0.8,
        "f1-score": 0.8,
        "support": 5.0
    },
    "4": {
        "precision": 0.9125,
        "recall": 0.9864864864864865,
        "f1-score": 0.948051948051948,
        "support": 74.0
    },
    "6": {
        "precision": 1.0,
        "recall": 1.0,
        "f1-score": 1.0,
        "support": 5.0
    },
    "7": {
        "precision": 1.0,
        "recall": 0.75,
        "f1-score": 0.8571428571428571,
        "support": 4.0
    },
    "9": {
        "precision": 0.9576271186440678,
        "recall": 0.9826086956521739,
        "f1-score": 0.9699570815450643,
        "support": 115.0
    },
    "11": {
        "precision": 0.9523809523809523,
        "recall": 0.8,
        "f1-score": 0.8695652173913043,
        "support": 25.0
    },
    "13": {
        "precision": 0.9625850340136054,
        "recall": 0.9758620689655172,
        "f1-score": 0.9691780821917808,
        "support": 290.0
    },
    "14": {
        "precision": 0.983739837398374,
        "recall": 0.9236641221374046,
        "f1-score": 0.952755905511811,
        "support": 131.0
    },
    "16": {
        "precision": 1.0,
        "recall": 0.3333333333333333,
        "f1-score": 0.5,
        "support": 3.0
    },
    "17": {
        "precision": 1.0,
        "recall": 0.7777777777777778,
        "f1-score": 0.875,
        "support": 9.0
    },
    "99": {
        "precision": 0.924812030075188,
        "recall": 0.9111111111111111,
        "f1-score": 0.917910447761194,
        "support": 135.0
    },
    "accuracy": 0.9517543859649122,
    "macro avg": {
        "precision": 0.9530223269443217,
        "recall": 0.8526852421507195,
        "f1-score": 0.8854956745181507,
        "support": 912.0
    },
    "weighted avg": {
        "precision": 0.9524946352762681,
        "recall": 0.9517543859649122,
        "f1-score": 0.9508059524544298,
        "support": 912.0
    }
}