{
    "2": {
        "precision": 0.853448275862069,
        "recall": 0.9166666666666666,
        "f1-score": 0.8839285714285714,
        "support": 108.0
    },
    "3": {
        "precision": 1.0,
        "recall": 1.0,
        "f1-score": 1.0,
        "support": 4.0
    },
    "4": {
        "precision": 0.9206349206349206,
        "recall": 0.9206349206349206,
        "f1-score": 0.9206349206349206,
        "support": 63.0
    },
    "6": {
        "precision": 1.0,
        "recall": 0.8,
        "f1-score": 0.8888888888888888,
        "support": 5.0
    },
    "7": {
        "precision": 1.0,
        "recall": 1.0,
        "f1-score": 1.0,
        "support": 3.0
    },
    "9": {
        "precision": 0.831858407079646,
        "recall": 0.9038461538461539,
        "f1-score": 0.8663594470046083,
        "support": 104.0
    },
    "11": {
        "precision": 1.0,
        "recall": 0.8947368421052632,
        "f1-score": 0.9444444444444444,
        "support": 19.0
    },
    "13": {
        "precision": 0.9206349206349206,
        "recall": 0.8992248062015504,
        "f1-score": 0.9098039215686274,
        "support": 258.0
    },
    "14": {
        "precision": 0.9809523809523809,
        "recall": 0.8803418803418803,
        "f1-score": 0.9279279279279279,
        "support": 117.0
    },
    "16": {
        "precision": 0.6666666666666666,
        "recall": 1.0,
        "f1-score": 0.8,
        "support": 2.0
    },
    "17": {
        "precision": 0.9,
        "recall": 1.0,
        "f1-score": 0.9473684210526315,
        "support": 9.0
    },
    "99": {
        "precision": 0.8482142857142857,
        "recall": 0.8636363636363636,
        "f1-score": 0.8558558558558559,
        "support": 110.0
    },
    "accuracy": 0.8977556109725686,
    "macro avg": {
        "precision": 0.9102008214620741,
        "recall": 0.9232573027860665,
        "f1-score": 0.9121010332338731,
        "support": 802.0
    },
    "weighted avg": {
        "precision": 0.9011444276640019,
        "recall": 0.8977556109725686,
        "f1-score": 0.8984064792488093,
        "support": 802.0
    }
}