{
    "2": {
        "precision": 0.898034398034398,
        "recall": 0.8860606060606061,
        "f1-score": 0.8920073215375229,
        "support": 825.0
    },
    "3": {
        "precision": 1.0,
        "recall": 0.7666666666666667,
        "f1-score": 0.8679245283018868,
        "support": 30.0
    },
    "4": {
        "precision": 0.8559556786703602,
        "recall": 0.8631284916201117,
        "f1-score": 0.8595271210013908,
        "support": 358.0
    },
    "6": {
        "precision": 0.8461538461538461,
        "recall": 0.7857142857142857,
        "f1-score": 0.8148148148148148,
        "support": 28.0
    },
    "7": {
        "precision": 0.7368421052631579,
        "recall": 0.7368421052631579,
        "f1-score": 0.7368421052631579,
        "support": 19.0
    },
    "9": {
        "precision": 0.8330464716006885,
        "recall": 0.8432055749128919,
        "f1-score": 0.8380952380952381,
        "support": 574.0
    },
    "11": {
        "precision": 0.8389830508474576,
        "recall": 0.7795275590551181,
        "f1-score": 0.8081632653061225,
        "support": 127.0
    },
    "13": {
        "precision": 0.8739807264640475,
        "recall": 0.8772321428571429,
        "f1-score": 0.8756034162643892,
        "support": 1344.0
    },
    "14": {
        "precision": 0.8641304347826086,
        "recall": 0.8412698412698413,
        "f1-score": 0.8525469168900804,
        "support": 567.0
    },
    "16": {
        "precision": 0.8,
        "recall": 0.6666666666666666,
        "f1-score": 0.7272727272727273,
        "support": 6.0
    },
    "17": {
        "precision": 0.9090909090909091,
        "recall": 0.851063829787234,
        "f1-score": 0.8791208791208791,
        "support": 47.0
    },
    "99": {
        "precision": 0.7574692442882249,
        "recall": 0.8041044776119403,
        "f1-score": 0.7800904977375566,
        "support": 536.0
    },
    "accuracy": 0.8547410894418291,
    "macro avg": {
        "precision": 0.8511405720996414,
        "recall": 0.8084568539571385,
        "f1-score": 0.8276674026338139,
        "support": 4461.0
    },
    "weighted avg": {
        "precision": 0.8558272095373856,
        "recall": 0.8547410894418291,
        "f1-score": 0.8550075362961292,
        "support": 4461.0
    }
}