{
    "2": {
        "precision": 0.8648648648648649,
        "recall": 0.8145454545454546,
        "f1-score": 0.8389513108614233,
        "support": 550.0
    },
    "3": {
        "precision": 0.8,
        "recall": 0.631578947368421,
        "f1-score": 0.7058823529411765,
        "support": 19.0
    },
    "4": {
        "precision": 0.7949790794979079,
        "recall": 0.7916666666666666,
        "f1-score": 0.7933194154488518,
        "support": 240.0
    },
    "6": {
        "precision": 1.0,
        "recall": 0.6842105263157895,
        "f1-score": 0.8125,
        "support": 19.0
    },
    "7": {
        "precision": 1.0,
        "recall": 0.42857142857142855,
        "f1-score": 0.6,
        "support": 14.0
    },
    "9": {
        "precision": 0.8533333333333334,
        "recall": 0.6701570680628273,
        "f1-score": 0.750733137829912,
        "support": 382.0
    },
    "11": {
        "precision": 0.7714285714285715,
        "recall": 0.6206896551724138,
        "f1-score": 0.6878980891719745,
        "support": 87.0
    },
    "13": {
        "precision": 0.744700460829493,
        "recall": 0.8938053097345132,
        "f1-score": 0.8124685771744595,
        "support": 904.0
    },
    "14": {
        "precision": 0.7444717444717445,
        "recall": 0.7890625,
        "f1-score": 0.7661188369152971,
        "support": 384.0
    },
    "16": {
        "precision": 1.0,
        "recall": 0.25,
        "f1-score": 0.4,
        "support": 4.0
    },
    "17": {
        "precision": 0.75,
        "recall": 0.7272727272727273,
        "f1-score": 0.7384615384615385,
        "support": 33.0
    },
    "99": {
        "precision": 0.7468354430379747,
        "recall": 0.644808743169399,
        "f1-score": 0.6920821114369502,
        "support": 366.0
    },
    "accuracy": 0.7831445702864757,
    "macro avg": {
        "precision": 0.8392177914553242,
        "recall": 0.6621974189066367,
        "f1-score": 0.7165346141867986,
        "support": 3002.0
    },
    "weighted avg": {
        "precision": 0.7891193912130922,
        "recall": 0.7831445702864757,
        "f1-score": 0.7806891567264216,
        "support": 3002.0
    }
}