{
    "2": {
        "precision": 0.8034188034188035,
        "recall": 0.8703703703703703,
        "f1-score": 0.8355555555555556,
        "support": 108.0
    },
    "3": {
        "precision": 1.0,
        "recall": 0.75,
        "f1-score": 0.8571428571428571,
        "support": 4.0
    },
    "4": {
        "precision": 0.8507462686567164,
        "recall": 0.9047619047619048,
        "f1-score": 0.8769230769230769,
        "support": 63.0
    },
    "6": {
        "precision": 1.0,
        "recall": 0.6,
        "f1-score": 0.75,
        "support": 5.0
    },
    "7": {
        "precision": 1.0,
        "recall": 0.3333333333333333,
        "f1-score": 0.5,
        "support": 3.0
    },
    "9": {
        "precision": 0.8409090909090909,
        "recall": 0.7115384615384616,
        "f1-score": 0.7708333333333334,
        "support": 104.0
    },
    "11": {
        "precision": 0.9285714285714286,
        "recall": 0.6842105263157895,
        "f1-score": 0.7878787878787878,
        "support": 19.0
    },
    "13": {
        "precision": 0.7878787878787878,
        "recall": 0.9069767441860465,
        "f1-score": 0.8432432432432433,
        "support": 258.0
    },
    "14": {
        "precision": 0.8761904761904762,
        "recall": 0.7863247863247863,
        "f1-score": 0.8288288288288288,
        "support": 117.0
    },
    "16": {
        "precision": 1.0,
        "recall": 0.5,
        "f1-score": 0.6666666666666666,
        "support": 2.0
    },
    "17": {
        "precision": 0.9,
        "recall": 1.0,
        "f1-score": 0.9473684210526315,
        "support": 9.0
    },
    "99": {
        "precision": 0.7916666666666666,
        "recall": 0.6909090909090909,
        "f1-score": 0.7378640776699029,
        "support": 110.0
    },
    "accuracy": 0.8192019950124688,
    "macro avg": {
        "precision": 0.8982817935243309,
        "recall": 0.7282021014783154,
        "f1-score": 0.7835254040245737,
        "support": 802.0
    },
    "weighted avg": {
        "precision": 0.8234837838059262,
        "recall": 0.8192019950124688,
        "f1-score": 0.8165280751961534,
        "support": 802.0
    }
}