{
    "2": {
        "precision": 0.8736122971818958,
        "recall": 0.9283121597096189,
        "f1-score": 0.9001319841619005,
        "support": 1102.0
    },
    "3": {
        "precision": 0.8918918918918919,
        "recall": 0.8461538461538461,
        "f1-score": 0.868421052631579,
        "support": 39.0
    },
    "4": {
        "precision": 0.8544698544698545,
        "recall": 0.8726114649681529,
        "f1-score": 0.8634453781512605,
        "support": 471.0
    },
    "6": {
        "precision": 1.0,
        "recall": 0.75,
        "f1-score": 0.8571428571428571,
        "support": 36.0
    },
    "7": {
        "precision": 0.95,
        "recall": 0.7307692307692307,
        "f1-score": 0.8260869565217391,
        "support": 26.0
    },
    "9": {
        "precision": 0.8922651933701657,
        "recall": 0.847769028871391,
        "f1-score": 0.8694481830417228,
        "support": 762.0
    },
    "11": {
        "precision": 0.8545454545454545,
        "recall": 0.844311377245509,
        "f1-score": 0.8493975903614458,
        "support": 167.0
    },
    "13": {
        "precision": 0.9102272727272728,
        "recall": 0.9,
        "f1-score": 0.9050847457627119,
        "support": 1780.0
    },
    "14": {
        "precision": 0.8704188481675392,
        "recall": 0.8831341301460823,
        "f1-score": 0.8767303889255109,
        "support": 753.0
    },
    "16": {
        "precision": 1.0,
        "recall": 0.2857142857142857,
        "f1-score": 0.4444444444444444,
        "support": 7.0
    },
    "17": {
        "precision": 0.9444444444444444,
        "recall": 0.8095238095238095,
        "f1-score": 0.8717948717948718,
        "support": 63.0
    },
    "99": {
        "precision": 0.8097902097902098,
        "recall": 0.8109243697478992,
        "f1-score": 0.8103568929321203,
        "support": 714.0
    },
    "accuracy": 0.8782094594594595,
    "macro avg": {
        "precision": 0.9043054555490606,
        "recall": 0.7924353085708189,
        "f1-score": 0.828540445489347,
        "support": 5920.0
    },
    "weighted avg": {
        "precision": 0.8789856677205412,
        "recall": 0.8782094594594595,
        "f1-score": 0.8778815536164545,
        "support": 5920.0
    }
}