{
    "2": {
        "precision": 0.8688524590163934,
        "recall": 0.9814814814814815,
        "f1-score": 0.9217391304347826,
        "support": 108.0
    },
    "3": {
        "precision": 0.8,
        "recall": 1.0,
        "f1-score": 0.8888888888888888,
        "support": 4.0
    },
    "4": {
        "precision": 0.8260869565217391,
        "recall": 0.9047619047619048,
        "f1-score": 0.8636363636363636,
        "support": 63.0
    },
    "6": {
        "precision": 1.0,
        "recall": 0.6,
        "f1-score": 0.75,
        "support": 5.0
    },
    "7": {
        "precision": 1.0,
        "recall": 1.0,
        "f1-score": 1.0,
        "support": 3.0
    },
    "9": {
        "precision": 0.912621359223301,
        "recall": 0.9038461538461539,
        "f1-score": 0.9082125603864735,
        "support": 104.0
    },
    "11": {
        "precision": 1.0,
        "recall": 0.9473684210526315,
        "f1-score": 0.972972972972973,
        "support": 19.0
    },
    "13": {
        "precision": 0.96,
        "recall": 0.9302325581395349,
        "f1-score": 0.9448818897637795,
        "support": 258.0
    },
    "14": {
        "precision": 0.9380530973451328,
        "recall": 0.905982905982906,
        "f1-score": 0.9217391304347826,
        "support": 117.0
    },
    "16": {
        "precision": 1.0,
        "recall": 0.5,
        "f1-score": 0.6666666666666666,
        "support": 2.0
    },
    "17": {
        "precision": 1.0,
        "recall": 0.8888888888888888,
        "f1-score": 0.9411764705882353,
        "support": 9.0
    },
    "99": {
        "precision": 0.9158878504672897,
        "recall": 0.8909090909090909,
        "f1-score": 0.9032258064516129,
        "support": 110.0
    },
    "accuracy": 0.9201995012468828,
    "macro avg": {
        "precision": 0.9351251435478213,
        "recall": 0.8711226170885493,
        "f1-score": 0.8902616566853797,
        "support": 802.0
    },
    "weighted avg": {
        "precision": 0.9229077819633985,
        "recall": 0.9201995012468828,
        "f1-score": 0.9201805878011375,
        "support": 802.0
    }
}