{
    "2": {
        "precision": 0.9671610169491526,
        "recall": 0.9502992453812126,
        "f1-score": 0.9586559915999475,
        "support": 3843.0
    },
    "3": {
        "precision": 0.9583333333333334,
        "recall": 0.7931034482758621,
        "f1-score": 0.8679245283018868,
        "support": 116.0
    },
    "4": {
        "precision": 0.9412084921066957,
        "recall": 0.9541942604856513,
        "f1-score": 0.9476568922992601,
        "support": 1812.0
    },
    "6": {
        "precision": 0.9620253164556962,
        "recall": 0.9440993788819876,
        "f1-score": 0.9529780564263323,
        "support": 161.0
    },
    "7": {
        "precision": 0.9696969696969697,
        "recall": 0.9696969696969697,
        "f1-score": 0.9696969696969697,
        "support": 99.0
    },
    "9": {
        "precision": 0.9470003680529996,
        "recall": 0.9411119239209949,
        "f1-score": 0.9440469638598422,
        "support": 2734.0
    },
    "11": {
        "precision": 0.9622905027932961,
        "recall": 0.9113756613756614,
        "f1-score": 0.936141304347826,
        "support": 756.0
    },
    "13": {
        "precision": 0.9345955249569707,
        "recall": 0.9584403080872914,
        "f1-score": 0.9463677414243841,
        "support": 6232.0
    },
    "14": {
        "precision": 0.9611613876319759,
        "recall": 0.94093761535622,
        "f1-score": 0.9509419884349934,
        "support": 2709.0
    },
    "16": {
        "precision": 0.9565217391304348,
        "recall": 0.6875,
        "f1-score": 0.8,
        "support": 32.0
    },
    "17": {
        "precision": 0.9354838709677419,
        "recall": 0.9144144144144144,
        "f1-score": 0.9248291571753986,
        "support": 222.0
    },
    "99": {
        "precision": 0.9034112686853201,
        "recall": 0.9153398058252428,
        "f1-score": 0.9093364197530864,
        "support": 2575.0
    },
    "accuracy": 0.9434502841576253,
    "macro avg": {
        "precision": 0.9499074825633822,
        "recall": 0.9067094193084589,
        "f1-score": 0.9257146677766608,
        "support": 21291.0
    },
    "weighted avg": {
        "precision": 0.9437634957172593,
        "recall": 0.9434502841576253,
        "f1-score": 0.943424177689943,
        "support": 21291.0
    }
}