{
    "2": {
        "precision": 0.9562607204116638,
        "recall": 0.9653679653679653,
        "f1-score": 0.960792761740629,
        "support": 2310.0
    },
    "3": {
        "precision": 0.835820895522388,
        "recall": 0.8,
        "f1-score": 0.8175182481751825,
        "support": 70.0
    },
    "4": {
        "precision": 0.9648956356736242,
        "recall": 0.9381918819188192,
        "f1-score": 0.9513564078578111,
        "support": 1084.0
    },
    "6": {
        "precision": 0.8888888888888888,
        "recall": 1.0,
        "f1-score": 0.9411764705882353,
        "support": 96.0
    },
    "7": {
        "precision": 1.0,
        "recall": 0.9,
        "f1-score": 0.9473684210526315,
        "support": 60.0
    },
    "9": {
        "precision": 0.954184483811851,
        "recall": 0.954184483811851,
        "f1-score": 0.954184483811851,
        "support": 1637.0
    },
    "11": {
        "precision": 0.9662162162162162,
        "recall": 0.9470198675496688,
        "f1-score": 0.9565217391304348,
        "support": 453.0
    },
    "13": {
        "precision": 0.9554612937433722,
        "recall": 0.9605543710021321,
        "f1-score": 0.9580010632642212,
        "support": 3752.0
    },
    "14": {
        "precision": 0.953709575142676,
        "recall": 0.9266789895255699,
        "f1-score": 0.94,
        "support": 1623.0
    },
    "16": {
        "precision": 0.85,
        "recall": 0.8947368421052632,
        "f1-score": 0.8717948717948718,
        "support": 19.0
    },
    "17": {
        "precision": 0.9516129032258065,
        "recall": 0.8939393939393939,
        "f1-score": 0.921875,
        "support": 132.0
    },
    "99": {
        "precision": 0.8860201511335013,
        "recall": 0.9130434782608695,
        "f1-score": 0.8993288590604027,
        "support": 1541.0
    },
    "accuracy": 0.9465445722783126,
    "macro avg": {
        "precision": 0.9302558969808322,
        "recall": 0.9244764394567945,
        "f1-score": 0.9266598605396892,
        "support": 12777.0
    },
    "weighted avg": {
        "precision": 0.9468832469195606,
        "recall": 0.9465445722783126,
        "f1-score": 0.9465903311513064,
        "support": 12777.0
    }
}