{
    "2": {
        "precision": 0.9666666666666667,
        "recall": 1.0,
        "f1-score": 0.9830508474576272,
        "support": 116.0
    },
    "3": {
        "precision": 1.0,
        "recall": 0.8,
        "f1-score": 0.8888888888888888,
        "support": 5.0
    },
    "4": {
        "precision": 0.9605263157894737,
        "recall": 0.9864864864864865,
        "f1-score": 0.9733333333333334,
        "support": 74.0
    },
    "6": {
        "precision": 1.0,
        "recall": 1.0,
        "f1-score": 1.0,
        "support": 5.0
    },
    "7": {
        "precision": 1.0,
        "recall": 1.0,
        "f1-score": 1.0,
        "support": 4.0
    },
    "9": {
        "precision": 0.991304347826087,
        "recall": 0.991304347826087,
        "f1-score": 0.991304347826087,
        "support": 115.0
    },
    "11": {
        "precision": 1.0,
        "recall": 1.0,
        "f1-score": 1.0,
        "support": 25.0
    },
    "13": {
        "precision": 0.9828767123287672,
        "recall": 0.9896551724137931,
        "f1-score": 0.9862542955326461,
        "support": 290.0
    },
    "14": {
        "precision": 0.9844961240310077,
        "recall": 0.9694656488549618,
        "f1-score": 0.9769230769230769,
        "support": 131.0
    },
    "16": {
        "precision": 1.0,
        "recall": 1.0,
        "f1-score": 1.0,
        "support": 3.0
    },
    "17": {
        "precision": 1.0,
        "recall": 1.0,
        "f1-score": 1.0,
        "support": 9.0
    },
    "99": {
        "precision": 0.9846153846153847,
        "recall": 0.9481481481481482,
        "f1-score": 0.9660377358490566,
        "support": 135.0
    },
    "accuracy": 0.981359649122807,
    "macro avg": {
        "precision": 0.9892071292714489,
        "recall": 0.973754983644123,
        "f1-score": 0.9804827104842263,
        "support": 912.0
    },
    "weighted avg": {
        "precision": 0.9815116189125392,
        "recall": 0.981359649122807,
        "f1-score": 0.9812618119925538,
        "support": 912.0
    }
}