{
    "2": {
        "precision": 0.95,
        "recall": 0.9827586206896551,
        "f1-score": 0.9661016949152542,
        "support": 116.0
    },
    "3": {
        "precision": 0.8,
        "recall": 0.8,
        "f1-score": 0.8,
        "support": 5.0
    },
    "4": {
        "precision": 0.9078947368421053,
        "recall": 0.9324324324324325,
        "f1-score": 0.92,
        "support": 74.0
    },
    "6": {
        "precision": 1.0,
        "recall": 0.8,
        "f1-score": 0.8888888888888888,
        "support": 5.0
    },
    "7": {
        "precision": 0.6666666666666666,
        "recall": 1.0,
        "f1-score": 0.8,
        "support": 4.0
    },
    "9": {
        "precision": 0.9646017699115044,
        "recall": 0.9478260869565217,
        "f1-score": 0.956140350877193,
        "support": 115.0
    },
    "11": {
        "precision": 0.8214285714285714,
        "recall": 0.92,
        "f1-score": 0.8679245283018868,
        "support": 25.0
    },
    "13": {
        "precision": 0.9715302491103203,
        "recall": 0.9413793103448276,
        "f1-score": 0.9562171628721541,
        "support": 290.0
    },
    "14": {
        "precision": 0.9743589743589743,
        "recall": 0.8702290076335878,
        "f1-score": 0.9193548387096774,
        "support": 131.0
    },
    "16": {
        "precision": 1.0,
        "recall": 1.0,
        "f1-score": 1.0,
        "support": 3.0
    },
    "17": {
        "precision": 0.6666666666666666,
        "recall": 0.8888888888888888,
        "f1-score": 0.7619047619047619,
        "support": 9.0
    },
    "99": {
        "precision": 0.8231292517006803,
        "recall": 0.8962962962962963,
        "f1-score": 0.8581560283687943,
        "support": 135.0
    },
    "accuracy": 0.9276315789473685,
    "macro avg": {
        "precision": 0.8788564072237907,
        "recall": 0.9149842202701842,
        "f1-score": 0.891224021236551,
        "support": 912.0
    },
    "weighted avg": {
        "precision": 0.9320428090801864,
        "recall": 0.9276315789473685,
        "f1-score": 0.9286109236884439,
        "support": 912.0
    }
}