{
    "2": {
        "precision": 0.9588159588159588,
        "recall": 0.9612903225806452,
        "f1-score": 0.9600515463917526,
        "support": 775.0
    },
    "3": {
        "precision": 0.75,
        "recall": 0.625,
        "f1-score": 0.6818181818181818,
        "support": 24.0
    },
    "4": {
        "precision": 0.9180327868852459,
        "recall": 0.9230769230769231,
        "f1-score": 0.9205479452054794,
        "support": 364.0
    },
    "6": {
        "precision": 0.9285714285714286,
        "recall": 0.7878787878787878,
        "f1-score": 0.8524590163934426,
        "support": 33.0
    },
    "7": {
        "precision": 0.8095238095238095,
        "recall": 0.8947368421052632,
        "f1-score": 0.85,
        "support": 19.0
    },
    "9": {
        "precision": 0.9663551401869159,
        "recall": 0.94,
        "f1-score": 0.9529953917050691,
        "support": 550.0
    },
    "11": {
        "precision": 0.8961038961038961,
        "recall": 0.8961038961038961,
        "f1-score": 0.8961038961038961,
        "support": 154.0
    },
    "13": {
        "precision": 0.9692556634304207,
        "recall": 0.9515488482922955,
        "f1-score": 0.9603206412825651,
        "support": 1259.0
    },
    "14": {
        "precision": 0.950592885375494,
        "recall": 0.8858195211786372,
        "f1-score": 0.9170638703527169,
        "support": 543.0
    },
    "16": {
        "precision": 0.6666666666666666,
        "recall": 0.8571428571428571,
        "f1-score": 0.75,
        "support": 7.0
    },
    "17": {
        "precision": 0.9024390243902439,
        "recall": 0.8222222222222222,
        "f1-score": 0.8604651162790697,
        "support": 45.0
    },
    "99": {
        "precision": 0.8039867109634552,
        "recall": 0.9272030651340997,
        "f1-score": 0.8612099644128114,
        "support": 522.0
    },
    "accuracy": 0.9313154831199069,
    "macro avg": {
        "precision": 0.8766953309094613,
        "recall": 0.8726686071429689,
        "f1-score": 0.8719196308287488,
        "support": 4295.0
    },
    "weighted avg": {
        "precision": 0.9341531413364739,
        "recall": 0.9313154831199069,
        "f1-score": 0.9318844122195883,
        "support": 4295.0
    }
}