{
    "2": {
        "precision": 0.9486386138613861,
        "recall": 0.9290909090909091,
        "f1-score": 0.9387630128597673,
        "support": 1650.0
    },
    "3": {
        "precision": 1.0,
        "recall": 0.9482758620689655,
        "f1-score": 0.9734513274336283,
        "support": 58.0
    },
    "4": {
        "precision": 0.938366718027735,
        "recall": 0.8517482517482518,
        "f1-score": 0.8929618768328446,
        "support": 715.0
    },
    "6": {
        "precision": 0.9583333333333334,
        "recall": 0.8518518518518519,
        "f1-score": 0.9019607843137255,
        "support": 54.0
    },
    "7": {
        "precision": 0.9428571428571428,
        "recall": 0.825,
        "f1-score": 0.88,
        "support": 40.0
    },
    "9": {
        "precision": 0.8871925360474979,
        "recall": 0.9167397020157756,
        "f1-score": 0.9017241379310345,
        "support": 1141.0
    },
    "11": {
        "precision": 0.9324894514767933,
        "recall": 0.8666666666666667,
        "f1-score": 0.8983739837398373,
        "support": 255.0
    },
    "13": {
        "precision": 0.8963259367042561,
        "recall": 0.9231922068190334,
        "f1-score": 0.9095607235142119,
        "support": 2669.0
    },
    "14": {
        "precision": 0.9025270758122743,
        "recall": 0.8865248226950354,
        "f1-score": 0.8944543828264758,
        "support": 1128.0
    },
    "16": {
        "precision": 0.8333333333333334,
        "recall": 0.8333333333333334,
        "f1-score": 0.8333333333333334,
        "support": 12.0
    },
    "17": {
        "precision": 0.9230769230769231,
        "recall": 0.782608695652174,
        "f1-score": 0.8470588235294118,
        "support": 92.0
    },
    "99": {
        "precision": 0.8472596585804133,
        "recall": 0.8854460093896713,
        "f1-score": 0.8659320477502296,
        "support": 1065.0
    },
    "accuracy": 0.9046063745917333,
    "macro avg": {
        "precision": 0.9175333935925908,
        "recall": 0.8750398592776389,
        "f1-score": 0.894797869505375,
        "support": 8879.0
    },
    "weighted avg": {
        "precision": 0.905656129701915,
        "recall": 0.9046063745917333,
        "f1-score": 0.9046575669824932,
        "support": 8879.0
    }
}