{
    "2": {
        "precision": 0.9292035398230089,
        "recall": 0.9722222222222222,
        "f1-score": 0.9502262443438914,
        "support": 108.0
    },
    "3": {
        "precision": 1.0,
        "recall": 1.0,
        "f1-score": 1.0,
        "support": 4.0
    },
    "4": {
        "precision": 0.9375,
        "recall": 0.9523809523809523,
        "f1-score": 0.9448818897637795,
        "support": 63.0
    },
    "6": {
        "precision": 1.0,
        "recall": 0.6,
        "f1-score": 0.75,
        "support": 5.0
    },
    "7": {
        "precision": 1.0,
        "recall": 1.0,
        "f1-score": 1.0,
        "support": 3.0
    },
    "9": {
        "precision": 0.8981481481481481,
        "recall": 0.9326923076923077,
        "f1-score": 0.9150943396226415,
        "support": 104.0
    },
    "11": {
        "precision": 0.95,
        "recall": 1.0,
        "f1-score": 0.9743589743589743,
        "support": 19.0
    },
    "13": {
        "precision": 0.9423076923076923,
        "recall": 0.9496124031007752,
        "f1-score": 0.9459459459459459,
        "support": 258.0
    },
    "14": {
        "precision": 0.9908256880733946,
        "recall": 0.9230769230769231,
        "f1-score": 0.9557522123893806,
        "support": 117.0
    },
    "16": {
        "precision": 1.0,
        "recall": 1.0,
        "f1-score": 1.0,
        "support": 2.0
    },
    "17": {
        "precision": 0.875,
        "recall": 0.7777777777777778,
        "f1-score": 0.8235294117647058,
        "support": 9.0
    },
    "99": {
        "precision": 0.9537037037037037,
        "recall": 0.9363636363636364,
        "f1-score": 0.944954128440367,
        "support": 110.0
    },
    "accuracy": 0.942643391521197,
    "macro avg": {
        "precision": 0.9563907310046623,
        "recall": 0.9203438518845495,
        "f1-score": 0.9337285955524739,
        "support": 802.0
    },
    "weighted avg": {
        "precision": 0.9435140738599396,
        "recall": 0.942643391521197,
        "f1-score": 0.9424169663538253,
        "support": 802.0
    }
}