{
    "2": {
        "precision": 0.9419035846724351,
        "recall": 0.9896103896103896,
        "f1-score": 0.9651678277390754,
        "support": 1540.0
    },
    "3": {
        "precision": 0.9393939393939394,
        "recall": 0.6458333333333334,
        "f1-score": 0.7654320987654321,
        "support": 48.0
    },
    "4": {
        "precision": 0.9463548830811555,
        "recall": 0.9568845618915159,
        "f1-score": 0.9515905947441217,
        "support": 719.0
    },
    "6": {
        "precision": 0.9152542372881356,
        "recall": 0.8571428571428571,
        "f1-score": 0.8852459016393442,
        "support": 63.0
    },
    "7": {
        "precision": 0.972972972972973,
        "recall": 0.9230769230769231,
        "f1-score": 0.9473684210526315,
        "support": 39.0
    },
    "9": {
        "precision": 0.9684400360685302,
        "recall": 0.9781420765027322,
        "f1-score": 0.9732668781150884,
        "support": 1098.0
    },
    "11": {
        "precision": 0.9568106312292359,
        "recall": 0.9536423841059603,
        "f1-score": 0.9552238805970149,
        "support": 302.0
    },
    "13": {
        "precision": 0.9810636583400484,
        "recall": 0.9728326008789453,
        "f1-score": 0.9769307923771314,
        "support": 2503.0
    },
    "14": {
        "precision": 0.9719887955182073,
        "recall": 0.9559228650137741,
        "f1-score": 0.9638888888888889,
        "support": 1089.0
    },
    "16": {
        "precision": 0.8461538461538461,
        "recall": 0.8461538461538461,
        "f1-score": 0.8461538461538461,
        "support": 13.0
    },
    "17": {
        "precision": 0.9012345679012346,
        "recall": 0.8295454545454546,
        "f1-score": 0.863905325443787,
        "support": 88.0
    },
    "99": {
        "precision": 0.9463220675944334,
        "recall": 0.9198067632850242,
        "f1-score": 0.932876041156296,
        "support": 1035.0
    },
    "accuracy": 0.9613447346843154,
    "macro avg": {
        "precision": 0.9406577683511812,
        "recall": 0.9023828379617297,
        "f1-score": 0.9189208747227214,
        "support": 8537.0
    },
    "weighted avg": {
        "precision": 0.9614399251061732,
        "recall": 0.9613447346843154,
        "f1-score": 0.9610657704077215,
        "support": 8537.0
    }
}