{
    "2": {
        "precision": 0.9508196721311475,
        "recall": 1.0,
        "f1-score": 0.9747899159663865,
        "support": 116.0
    },
    "3": {
        "precision": 1.0,
        "recall": 0.6,
        "f1-score": 0.75,
        "support": 5.0
    },
    "4": {
        "precision": 0.9135802469135802,
        "recall": 1.0,
        "f1-score": 0.9548387096774194,
        "support": 74.0
    },
    "6": {
        "precision": 1.0,
        "recall": 1.0,
        "f1-score": 1.0,
        "support": 5.0
    },
    "7": {
        "precision": 1.0,
        "recall": 1.0,
        "f1-score": 1.0,
        "support": 4.0
    },
    "9": {
        "precision": 0.9583333333333334,
        "recall": 1.0,
        "f1-score": 0.9787234042553191,
        "support": 115.0
    },
    "11": {
        "precision": 0.9583333333333334,
        "recall": 0.92,
        "f1-score": 0.9387755102040817,
        "support": 25.0
    },
    "13": {
        "precision": 0.986013986013986,
        "recall": 0.9724137931034482,
        "f1-score": 0.9791666666666666,
        "support": 290.0
    },
    "14": {
        "precision": 0.9844961240310077,
        "recall": 0.9694656488549618,
        "f1-score": 0.9769230769230769,
        "support": 131.0
    },
    "16": {
        "precision": 1.0,
        "recall": 0.6666666666666666,
        "f1-score": 0.8,
        "support": 3.0
    },
    "17": {
        "precision": 1.0,
        "recall": 1.0,
        "f1-score": 1.0,
        "support": 9.0
    },
    "99": {
        "precision": 0.9763779527559056,
        "recall": 0.9185185185185185,
        "f1-score": 0.9465648854961832,
        "support": 135.0
    },
    "accuracy": 0.9692982456140351,
    "macro avg": {
        "precision": 0.9773295540426911,
        "recall": 0.9205887189286329,
        "f1-score": 0.9416485140990946,
        "support": 912.0
    },
    "weighted avg": {
        "precision": 0.9701653056136513,
        "recall": 0.9692982456140351,
        "f1-score": 0.9688901205755862,
        "support": 912.0
    }
}